Client,Source,Date,Review,Positive Category,Positive Subcategory,Negative Category,Negative Subcategory
MOLLY MAID,Yelp,"Jan 20, 2025",Realistically just bad service honestly. Not a good cleaning service. At first I thought giving another chance but realistically they are a professional service and charging top dollar it should have been done right the first time! Stay away!,,,professionalism/service;value/price,unprofessional behavior;overpriced
MOLLY MAID,Yelp,"Dec 24, 2024","I had scheduled an appointment for the service on dec 23, 2024 at 8:30-12:00. @12:10 and no staff show up at my place so I called the office to see what's going on and to found out that the staffs won't be able to come to my place for another 45 mins. So I wasn't happy having to waste half of my day to wait and no courtesy call to info that their staffs are coming late. It's ridiculous that if they come and you not home they charge you $100 and when they come late they don't even give you a call. Very unhappy of what happened today, they are very unprofessional.",,,professionalism/service;efficiency/speed,unprofessional behavior;lack of responsiveness;late arrival
MOLLY MAID,Yelp,"Oct 29, 2024","I've regularly used Molly Maid in the past with generally acceptable results, despite occasional minor oversights, like not cleaning behind doors. Recently, however, I hired them for a move-out cleaning, and the experience was extremely disappointing.Today, I received an alarming and unprofessional call from one of their team members, accusing me of having ""chemicals"" on my countertops. She claimed there was ""fuming"" and smoke, which was allegedly making the staff feel unwell. When I asked what type of chemical she was referencing, she responded in a confrontational, almost aggressive manner, which was unsettling and unhelpful. The conversation escalated to the point where I felt compelled to escalate the issue to the manager, as the employee was agitated and unable to keep her composure.Neither my husband nor I have used any chemicals that could trigger this kind of reaction, so the unexpected call caused me to miss an important meeting, and my husband rushed home, fearing it was a genuine emergency.Additionally, upon the cleaners' arrival, they openly complained about the workload. Although this was a move-out cleaning, only two staff members were sent, whereas our regular cleanings typically require a team of four. This raised serious concerns about the level of service we could expect.While the manager was polite when I later called to express my concerns, the initial call was handled in an accusatory and unnecessarily confrontational manner. Not only was I blamed for something unsubstantiated, but I was left feeling unsettled, especially as we have children at home and consistently practice safe cleaning. Simple steps, like opening windows or wearing masks, could have mitigated any perceived issues, yet the staff took none of these precautions.This has been the most disruptive and disappointing experience I've had with Molly Maid. I would not use their services again, nor would I recommend them to you or anyone else.After returning home to check the work, the master bathroom, shower door was not cleaned. The house was not cleaned to normal standards, and they had said that they were going to send a quality person out, that obviously was not done. I didn't have very high hopes for this, considering they had terrible customer service earlier today. However, it ended up trickling down into a quality issue.They also scratched my appliances, leaving marks as if they used steel wool to clean, and you can see it here in the attached pictures. I called to escalate this to ownership and management, but I have still not received a call back. The purpose was to get my money back from my deposit for my move-out; this was supposed to help me. Now I am concerned I will not be getting the money back and will be now charged for the damaged appliances.",,,quality of cleaning;professionalism/service;efficiency/speed;specific issues,missed spots;poor attention to detail;unprofessional behavior;poor communication;slow service;damage to property;issues with specific areas of the house
MOLLY MAID,Yelp,"Oct 21, 2024","I have been enjoying their service since the Pandamic and My Team #10, Gloria and Raquel really deserves a appraise.  They are prompt, very friendly and goes above and beyond.  They are also very friendly with my dog and my dog is so excited to see them.  The office is always accomodating and helpful.   At age 75, it is so nice to have trust worthy, friendly, people that can come and help me keep my house clean.   I highly recommend Molly Maid of S. Silicon Valley.  I also like doing business with this company because I know that their workers are covered for things like Workmen's Comp.  If I hire a private person to clean my house, I might become liable if that person hurt themselves.  Mary M from Sunnyvale",professionalism/service;trustworthiness,friendliness;customer service;reliability,,
MOLLY MAID,Yelp,"Oct 3, 2024","Sylvia and Marie came to my home to do a thorough cleaning, through out th entire home after reconstruction. They did a fantastic job, and were great value for the cost.I highly recommend this professional cleaning service.",quality of cleaning;professionalism/service;value/price,thoroughness;good value for money;friendliness,,
MOLLY MAID,Yelp,"Sep 30, 2024","I hired them for regular cleaning.  I was not happy that I spent $270 (tips included) and still had to spend the weekend vacuuming the house and sanitizing bathrooms.  I found dust balls on the floor, mold starting to grow in the upper rim of the toilet, and orange film starting to form in the shower in several places.  Prior to hiring them, I did all of the cleaning myself so I know for sure these things simply don't happen less than a week after a cleaning.  It's completely unacceptable.  All in all, they were in and out in less than an hour.  Go figure.",,,quality of cleaning;efficiency/speed;value/price,missed spots;inconsistent cleaning;poor attention to detail;slow service;overpriced
MOLLY MAID,Yelp,"Aug 6, 2024","Molly Maid Review:   I have used the services of Mollly Maid for years and am pleased with the work that they do for me monthly.  They come regularly at the same time and date  and I can count on them in planning my schedule.     The company is very accommodating when I need to change the schedule and a replacement team is sent at my request, which I have done periodically when there is a conflict on the expected date.  Team 12 is my regular team. They and the replacement teams do a good job for us.    To vacuum, clean the baths and kitchen and dust are what we mainly request The maids  are very pleasant and efficient and I feel comfortable with having them take the responsibility of closing and locking up when they are done.  They are respectful of our home.  It is a treat to return to a clean and neat home after the maids leave.     Thank you, Molly Maids. Mary Zarantonello",quality of cleaning;professionalism/service;efficiency/speed;trustworthiness,thoroughness;customer service;efficient work;reliability;cleanliness,,
MOLLY MAID,Yelp,"Jul 24, 2024","They are trrrrrrrible and very poor, unkind,  unprofessional staff and management. I wouldn't use them again. Be careful and you must comply to the cleaners rules in your home, not yours.",,,professionalism/service,unprofessional behavior
MOLLY MAID,Yelp,"Jul 8, 2024",They quoted me $262.50 for 3 people for one hour and they were to come in the morning.They came with 2 people and wanted to charge me approximately  $393. for a little over 2 hours but I only wanted one hour of service.  I called back to let them know we only wanted one hour. They came later than expected.They left a sizable spot on the floor where it is easily seeable.  Not happy with them at all.,,,value/price;efficiency/speed;quality of cleaning,overpriced;late arrival;missed spots
MOLLY MAID,Yelp,"May 29, 2024","Our home is so clean with Molly Maids coming.  Jennie and Maria are very thorough, and the service is a great value.  They even cleaned the window after the baby hummingbirds left--above and beyond!",quality of cleaning;value/price,thoroughness;good value for money,,
MOLLY MAID,Yelp,"Apr 11, 2024",Our team is amazing! I wish I was as efficient as they are. They leave our home sparkling! Highly recommend Molly Maids!,quality of cleaning;efficiency/speed,spotless results;efficient work,,
MOLLY MAID,Yelp,"Mar 8, 2024","We utilized Molly Maid services for a decade up until 2012. They did a fine job and I liked that they were licensed. Typically the same group came every week. I think once or twice in 10 years I had to make them re-clean the floor but that was a minor inconvenience. In general, I highly recommend using a licensed cleaning service if you work a lot of hours.",professionalism/service;quality of cleaning,reliability;cleanliness;thoroughness,,
MOLLY MAID,Yelp,"Feb 16, 2024","We've been using Molly Maid for over a year now, and the quality hasn't been the greatest but it's been sufficient enough that we haven't pushed to find an alternative. However, recently we experienced a combination of rude behavior and inconsistent practices that pushed us to discontinue our service with them.Normally our cleaners wear shoe covers per our request (though I'm reading in previous reviews that this actually should be standard practice). Today we were sent a different cleaning team than we're used to and noticed the woman cleaning our bathroom was not wearing the shoe covers. We brought it up twice before they told us ""it was policy to not wear them in the bathroom"". I found that strange given we never had issues before. Furthermore, the explanation we were given when talking to the lead on the phone didn't make any sense. I understand safety in not wearing them in a tub where one might slip, but do not understand that logic being applied to the rest of the bathroom floor. How would wearing a shoe cover in our bathroom be any different than the rest of the hardwood floors in our home? Why would we want bacteria and dirt brought in from outside sullying our bathroom floors? Anyway, the main gripe is how rude the lead was in dismissing our concerns. She spoke disparagingly of me on the phone to one of the cleaners without realizing she was on speaker phone. Horrible way to treat your customers. Overall, cleaning is inconsistent, prices are not good value (and raised without any notice), and you're better off just cleaning yourself (which is what we ended up doing anyway).",,,quality of cleaning;professionalism/service;value/price,inconsistent cleaning;unprofessional behavior;poor communication;overpriced
MOLLY MAID,Yelp,"Feb 16, 2024","I've started a recurring service with Molly Maid and we had our first intro cleaning today. Two cleaners for three hours. They did a great job. Thorough, and not too loud or disruptive to myself and my partner while we worked from home today.Rate was $80/hour/person, which might be a bit higher than competitors, but you get quality and I appreciated the coordination and customer service.We're looking forward to recurring service with Molly Maid and a much cleaner, better-kept home.",quality of cleaning;professionalism/service;value/price,thoroughness;customer service;reasonable pricing,,
MOLLY MAID,Yelp,"Feb 14, 2024","I have had Molly Maid come clean just my floors and bathrooms once a month for several months now. I remove everything off the floors (including chairs and small tables) before they come so they don't have to deal with working around them and can easily clean the floor and I lock my cats away so they don't have to worry about them escaping or being underfoot.Yesterday was the second time I've come home to find visible dirt (crumbs, pine needles) left on my rugs and floor and visible toothpaste left on a bathroom back splash. The first time this happened I finished sweeping and cleaning myself and went to cancel the service. They gave me a coupon to try them again and sent out a quality supervisor with the cleaning team the next time. They did a great job that month and the next month.Yesterday the team arrived to my house an hour early (I was just leaving for an in person meeting so I saw them arrive) and yet when I came home there were again visible pine needles left in a kitchen mat, visible crumbs left on the floor in three areas of the kitchen, and toothpaste on the bathroom backsplash.When I called about the problem Eileen apologized and said they would send someone out to re-clean the kitchen from 12 - 2 pm today (a window the team picked based on their schedule). I explained I could work from home in that window to let them in. At 2:05 pm no one had arrived nor contacted me so I called the office to ask if they were on their way. I spoke to Marissa who said she would call the team and get back to me on their eta. Instead of a call, I received a text back from Marissa saying the team was running behind and wouldn't get to my house until 3:30 pm (a full hour and half later than the window I was given). There was no apology or acknowledgment of how much later that time was nor questions about if I could accommodate that new time. Just the statement that they would now show up at 3:30 pm.Given the pattern of periodic poor cleaning I suspect this is an issue with how this branch of Molly Maid runs their business. If the cleaners are so rushed multiple times that they can't slow down enough to make sure bare floors are fully cleaned before they move on that is a big red flag.I would suggest taking your business elsewhere. I plan to.",professionalism/service,customer service,quality of cleaning;professionalism/service;efficiency/speed,missed spots;poor communication;late arrival
MOLLY MAID,Yelp,"Jan 30, 2024","Worst Customer Service ever. Marissa, almost seems like she doesn't want to be there, unprofessional and totally rude",,,professionalism/service,unprofessional behavior
MOLLY MAID,Yelp,"Jan 12, 2024",I lost my cleaners of many years and was reluctant to hire any of the other cleaners I saw advertised. I took a chance with Molly Maids and the results were amazing.  They  exceeded my expectations and the cleaners were very nice and helpful.,quality of cleaning;professionalism/service,thoroughness;friendliness,,
MOLLY MAID,Yelp,"Dec 21, 2023","Beware!!! It happened to me so don't let it happen to you.I had a gift certificate, so I thought I'd make use of Molly Maid of S. Silicon Valley for a move out service clean for a 1br 750 sq ft apartment. I was quoted at $185/hour for a team of 2. It sounds pricey but I figured I'd do all the cleaning I can (vacuum, dust, wipe down shelves, stove and fridge, and mop) ahead of time and let the professionals touch up so I get my full deposit back.I'd like to give people the benefit of the doubt so I wasn't there when they arrived at 8:20am. I didn't want to hover over them while they do their job. I thought I'd check in an hour later to see how things were progressing assuming they were close to done. I was surprised that they barely started - it didn't seem anything was done. Additionally, they didn't use shoe covers so they tracked in more dirt and the floor that I vacuumed and steam vac'd is now dirty. I didn't want to assume the worst so figured maybe I'll give them another hour. I come back at 10:20am and they are just starting on the windows. 2 hours, 2 professional cleaners, 750 sq ft in an empty apartment that I cleaned the day prior.I ask them how much longer it's going to take. They tell me until 12pm - that would be 4 hours, $740 for 2 people whose job it is to clean to clean a tiny, empty apartment. I ask them what they've been doing and one of the maid tells me that they were working on the fridge. But I cleaned the fridge!!! The day before, I took out each shelf and wiped them down, there's no way she had been cleaning the fridge. I had enough and tell them to get out. Now I need to go back and clean up the dirty floor they left me. At least it won't take me 2 hours to do it.",,,quality of cleaning;professionalism/service;efficiency/speed;value/price,poor attention to detail;unprofessional behavior;slow service;overpriced
MOLLY MAID,Yelp,"Dec 14, 2023",I love coming back to my place after Molly Maids have cleaned my it. Everything is sparking clean and fresh.  Never had any issues with them and that's a plus too.,quality of cleaning;trustworthiness,cleanliness;spotless results;reliability,,
MOLLY MAID,Yelp,"Dec 8, 2023",Molly Maids did a fantastic job on my home!  I called for a one-off before the holidays. Scheduling was easy and they were professional and thorough. I am very pleased with the results and will continue to use them on a regular basis.,quality of cleaning;professionalism/service,thoroughness;booking options;customer service,,
MOLLY MAID,Yelp,"Nov 1, 2023","I hired Molly Maid for a one-off cleaning of just our two bathrooms and kitchen. They were very proactive and communicative, and readily available to come quickly. They cleaned everything nicely and efficiently (always send at least 2 cleaners). Cons were that they came earlier than they said that they would (didn't call), and they didn't provide oven cleaning service for the standard cleaning. It was $320 for just under 2 hours, which I believe is slightly higher than if you just hire someone directly.",professionalism/service;efficiency/speed;quality of cleaning,communication;responsiveness;quick service;efficient work;cleanliness,professionalism/service;value/price,poor communication;overpriced
MOLLY MAID,Yelp,"Oct 16, 2023","Eileen has the worst customer service.  I called to find out an ETA on service.  She explained the new time frame would be between 2-4.  I told her they are always here no later than noon.  She explained about me changing my day so my time would possibly change and I requested a specific team.  Mind you I was supposed to get a call back for this said time change.  I never received a phone call back about my new time window, which I got over.  I did request a specific team because the very first visit with a different team a couple items went missing and I felt comfortable with my current team I been requesting and using.  I did explain this all to Miss Eileen durning my initial call.  Continuing on,  I did explain that the new time window is late and the reason for my change was because they called and was closed for the holiday.  She continued to RUDELY debate with me pretty much making insinuating I was lying.  After a few minutes of her rude and defensive behavior I canceled service which she replied ""that's fine."" After hanging up the phone I though maybe I got September and October mixed up.  Which sure no problem mistakes happen.  BUTBeing in customer service myself I would never argue with a customer.  She could of politely just said I'm sorry that the new time doesn't work for you and rescheduled me for another day.  Eileen was just sooooo focused on proving me wrong with her rude and defensive tone that she lost a customer and worst had no care in the world for the loss of business.  Please if your going to be in customer service train your staff to be respectful and to try to diffuse situations not make them worst.",,,professionalism/service,poor communication;unprofessional behavior
MOLLY MAID,Yelp,"September 6, 2023",The team of Rose and Candy are very hard working and pay attention to detail.  They are on time and are friendly as well. I'm always happy with their results,quality of cleaning;professionalism/service;efficiency/speed,attention to detail;friendliness;punctuality;spotless results,,
MOLLY MAID,Yelp,"Jul 30, 2023",Team #2 were absolutely amazing. Team #2 was Adrianna and Susana were very friendly and very professional. They did an amazing job cleaning my house. I would definitely hire them again,quality of cleaning;professionalism/service,thoroughness;friendliness;customer service,,
MOLLY MAID,Yelp,"Jul 6, 2023","We had a move out clean for one bedroom two bath. I called once to schedule our appointment. On that day, I had to call four times to follow up. It seemed like there was some lack of communication on the other end. In the initial phone call, I was quoted 170-300, but was charged 370. For our small space and the price, I would have hoped for it to be cleaner. Just walking around for a few hours the bottom of my feet are noticeably dirty.Won't be using the service again.",,,professionalism/service;value/price;quality of cleaning,poor communication;hidden fees;missed spots
MOLLY MAID,Yelp,"Jul 5, 2023","I was in a bind for a move out clean and Molly maid confirmed my appointment with a credit card on less than a weeks notice.  The information regarding a minimum one hour charge for 2 cleaners was provided up front and that the cleaning staff will provide an estimate upon arrival after inspecting the area.  The cleaning staff provided  an estimate for their time based on 2 cleaners for 4-5.25 hours.  After 1.5 hours an additional cleaner showed up and worked just under 3 hours.  Even though I was never informed about the extra staff, I expected the house would be cleaned in a shorter period of time.  It still required the staff 4.5 hours and a charge well above the estimated higher dollar range of $560-$735, with a total bill of $829.  Normally if you provide a price quote to someone for work to be done by 2 people in 4.5 hours, only naturally the work should be completed in far less time with a 3rd worker.  The office needs to inform clients of additional staff time above what is quoted, and not just sneak in additional staff without notice.The workers are there to clean your house and that is what they did.  I had no issues communicating with the staff in both english and espanol.  They cleaned the house exceptionally well and very detailed.  All 1700 sf of liveable space was ready for the new owners to move right in.I would hire Molly Maid again, unfortunately, I moved out of the area.For those with comments regarding language barriers, pull out your phone and use google translate if you have questions or concerns for staff.",quality of cleaning;professionalism/service,detailed cleaning;communication;friendliness,value/price;efficiency/speed,overpriced;slow service
MOLLY MAID,Yelp,"Apr 7, 2023","My work schedule is different and we have dogs. So, I needed to request when they come it needs to be only during a small window of time on a certain day so I could be there to get the dogs locked up. They were able to accommodate my request and are in and out of there in about an hour. Good job cleaning. Very satisfied with the quality.",professionalism/service;efficiency/speed;quality of cleaning,responsiveness;quick service;thoroughness,,
MOLLY MAID,Yelp,"Mar 22, 2023","Was charged extra for an additional cleaner that was not disclosed when booking, then ignored my callbacks for a resolution. Didn't even clean that well for the $260+ per hour they charged me. Avoid!",,,professionalism/service;value/price;quality of cleaning,poor communication;overpriced;inconsistent cleaning
MOLLY MAID,Yelp,"Feb 22, 2023",I wish I could give 0 stars. I hired Molly Maid today. Not only did they break my toaster (kitchen was already clean) but they left this filth on my doormat. What is this?(images attached) My outside doormat is ALWAYS CLEAN. It was CLEAN upon Molly Maids arrival however when they left they left this filth!  In addition they left the garbage that THEY- Molly Maid put outside my front door.  They left it there and didnt empty it which is what tMolly Maid advertises doing with every cleaning- empty garbage. I spoke with Eileen who answered the phone today after this debacle and who I had a conversation with yesterday in preps for this appt today. She was no help at all. Also they didn't mop the floor as part of the agreement yet one of the cleaners spent a good 10 mins on my toaster ; Huh?   That makes no sense.   Then she broke it. After speaking in broken english she spent another 10 mins calling her office to explain the situation in her language about the broken toaster - meanwhile I am being charged by the hour. Terrible service. Eileen was no help. She was the person I spoke to yesterday- I had asked for a manager butI got Eileen who was no help with this situation.  Then she couldn't even confirm how much this cost today?  What kind of business are you running Molly Maid? I demand some answers in writing. You know who I am.  ------------------------------UPDATE- 2/24/23 - Sandy W. - THE OWNER OF MOLLY MAID confirms why they get -0 Stars and a shady business.   Sandy replied to my review(scroll down) Her response says they didnt take the garbage that the MOLLY MAID CLEANERS put OUTSIDE MY FRONT DOOR because I asked them to leave the inside of my home. They ruined mydoor matt with the filth they left on it. WAS IT INTENTIONAL BECAUSE I ASKED THEM TO LEAVE MY HOME?  Prior to me asking them to leave they were wasting time talking on the phone in broken english while I am being charged by the the hour. RE- READ the post Sandy - The Owner of Molly Maid.Your business is disgusting! You charged me all that money and left the garbage YOU put on My doorstep outside and want to blame it on me telling them to leave the INSIDE of my home? And you left this filth at my door? Shame on You! What a pathetic response. Go away!,,,quality of cleaning;professionalism/service;efficiency/speed,damage to property;poor communication;slow service
MOLLY MAID,Yelp,"Feb 10, 2023","Marleny and Chelsea of Team #12 did a great job with cleaning our house today! Marleny has been our trusted cleaning partner for over a year, and pays great attention to detail to clean our house just the way we want it. It's a pleasure to see the spotlessly clean floors, dusted furniture, and clean-smelling bathrooms every time. Thank you for making our lives easier!",quality of cleaning;trustworthiness,attention to detail;spotless results;favorite worker,,
MOLLY MAID,Yelp,"Nov 21, 2022",Team 1 (Rosa and Candy) did a great job cleaning my kitchen & bathroom and left it sparkling clean. They were also very friendly and kind :) definitely recommend this team,quality of cleaning;professionalism/service,spotless results;friendliness,,
MOLLY MAID,Yelp,"Nov 3, 2022",Two closet doors and a kitchen cabinet door needed; hing. They were fixed but at  Different dates and times. The handyman,,,,
MOLLY MAID,Yelp,"Oct 24, 2022","After more than 10 years with Moly Maids, I am done. I had a long standing biweekly appointment which had them arriving after 2pm. It became a biweekly call at 3:30 the day of cleaning requesting if THEY can cancel and reschedule for another day. If I had called late to reschedule, I would most defiantly be charged. The last call was the crew requesitng to come 2.5 hours early, I said no, but they still showed up. I called the office, and reminded them, again, my appointment time is 2pm. The crew left and returned again, 45 minutes early. Clearly the office and staff can not follow simple instructions and truly do not care about long standing loyal customers. It was also very apparent when the crew didn't get their way in the scheduling, the cleaning was less than stellar.",,,professionalism/service;efficiency/speed;quality of cleaning,poor communication;lack of responsiveness;late arrival;inconsistent cleaning
MOLLY MAID,Yelp,"Sep 9, 2022","Team #1 Ros and Candy were amazing!  They were fast, efficient and very friendly.  I asked for a two hour window to have my mom's house cleaned while I took her out of the home.  They also called when a half an hour away so I made sure to have her gone.  This was very helpful as she has dementia and it would have confused her to have her there.  It was also extremely hot and the house has no a/c.  What a fantastic job!  Will use them again!",efficiency/speed;professionalism/service,quick service;friendly;communication,,
MOLLY MAID,Yelp,"Jul 26, 2022",I moved and left a bunch of trash and a 4 bedroom house that needed some serious cleaning. Alma and Betty of Team #9 came over and did a fantastic job thank-you very much! They worked tirelessly for several house and didn't miss a spot! I would hire them again no doubt.,quality of cleaning;efficiency/speed,thoroughness;spotless results;quick service,,
MOLLY MAID,Yelp,"Jul 6, 2022","It was six years ago when we began using the services of Molly Maid of S. Silicon Valley, and we are very blessed to have been customers for all that time! My wife and I are both in tech, she's in medical and I've been in software, hardware and now the health insurance industry. We cannot express how much Molly Maid empowered us to thrive in our careers here in San Jose, and we want to call out an amazing Maid -- Lupe and her team were reliable, extremely hard-working, and over the years we have come to consider them part of our extended family.Lupe is pretty much the highlight of our week when we're working out of our home offices. She laughs and chats with me for a moment about my day, she asks my wife about our pets and about her work. It's always a pleasure to see her. Moreover, when she gets to work, we always know our apartment will be sparkling when her team is finished. As she often trains new Molly Maids, we have enjoyed the cleaning services of many different ladies and gentlemen over the years, but Lupe is both our favorite and someone we care about. THANK YOU LUPE!!!When you need to have a clean home or apartment and you want to get a great service, Molly Maid gets my highest recommendation! Furthermore, Molly Maid of S. Silicon Valley's staff is trustworthy, great to deal with, and affordable. My wife and I would never have had such great success in life and at work without the support of these professionals. Highest possible recommendation!Sorry that the photos feature us and our pets more than they show the lovely clean home, but rest assured, one reason we're so happy is thanks to Lupe and the Molly Maid team!",quality of cleaning;professionalism/service;trustworthiness;value/price,spotless results;friendliness;customer service;reliability;good value for money,,
MOLLY MAID,Yelp,"Jun 16, 2022","**Edit**I have not been charged in a few days so I called back to see what was wrong. Not only did Claudia not explain the pricing properly, she incorrectly wrote my credit card down too. *******I should have done my due diligence and check reviews before booking an appointment. My cousin referred me to Moly Maid because she also uses them, but after my experience she is reconsidering.Time is really of the essence, but they have no sense of it. I scheduled my estimate consultation for 5PM on a Thursday. Claudia came 20-30 minutes late without giving any heads up. I decided to call the Molly Maid ""Contact Us"" number. In the midst of talking to the phone rep to see where Claudia was, I received an incoming call from her. I informed the rep that it must be her calling and the rep replies in a rude and snarky demeanor ""you should probably answer that"".Giving them the benefit of the doubt, I decide to schedule a cleaning session for the following week. I was informed it would be 150 an hour for the first visit. The duration would be dependent on whether I received 2 or 3 cleaners. Subsequent sessions would be 185 fixed price. Scheduling a slot had a huge 4 hour range, which makes it very hard to plan around the cleaning session.All I was told was the ""ladies"" would be coming somewhere between 12-4pm. On the day of, they arrived around 1pm. All of them had a language barrier so it was very hard to get any questions answered. Other services I had used before would notify me the day of when the cleaners would be coming. They also had a smaller scheduling window, allowing me to better plan my day. They also review pricing before starting the job. Molly Maid did none of this.I had a meeting so I closed my door for a bit. Upon finishing I told the ""ladies"" they could clean my office. I heard one of them say ""Pendejo"". Obviously without any context and the language barrier I can only assume that was directed to me. I decided to not cause any trouble so I let them proceed.After they finished my office they gave me the invoice which showed 1 hour and 50 minutes. The job only took 1 hour and 10 minutes. On top of this I was quoted a 225 per hour rate instead of the 150 like Claudia explained.Again, the language barrier prevented me from getting anything across to the ladies. I called Marissa (phone representative) to explain the dilemma. All things said, they still did a good job at cleaning so I stated that if they could honor the 150 an hour rate I'd be ready to schedule monthly cleanings for the fixed 185. She wanted to run it by her manager first.Maybe I don't know how to run a business, but the manager declined, which was essentially giving up a guaranteed 185 a month. That's 185 x 6 = 1110 they would be giving up for the remainder of the year. I guess the 80-100 dollar up front was more important to them than $1110. Anyway, I wouldn't waste my time with this company. Go for another company that is transparent and values your time. One that respects the customer and won't curse at them in their native tongue...If you look at another Yelp review below from 2 months ago. You can see he/she fell prey to their predatory style of pricing. He was not given the $150 an hr as quoted. Actually many reviews below mine have experienced this ""switch and bait"" tactic. Ones an accident but more than two complaints speaks volumes.",quality of cleaning,thoroughness,professionalism/service;efficiency/speed;value/price;trustworthiness,poor communication;lack of responsiveness;late arrival;overpriced;hidden fees;dishonesty
MOLLY MAID,Yelp,"May 4, 2022","I contacted Molly Maids for a quote online and was estimated at $300 to $400.  I felt that the quote was low and met with Marissa Jimenez who was very nice and received a new quote $360 to $720.  I called in for service for 3/22/2022.  I went by and inspected and the cleaning was not done.  I rescheduled for 04/28/2022 and received a call that day the cleaners would need more additional time and revised the costs to $900.  I stated I thought that the range had a not to exceed price of $720 since the estimator came through and looked at the entire property before the price was given. They said no it's based on how much time is needed.  We approved it since we did not want to have to find another cleaner to finish the job since we were going to put it on the market.I stopped by to inspect the home on 05/02/2022 and noticed the windows were not cleaned, debris on the floors, spider webs on the walls and ceilings, garage was not swept out.  For a job that went from a possible $360 to over $900 was a ""BAIT AND SWITCH"" knowing that we had no choice was not acceptable in my mind.  Knowing this was a house that needed more than just a simple cleaning, I specifically had them come in to do an in house estimate so they could see the work needed in detail.  I called and left a message with no call back left me with a bad taste in my mouth.  I feel if you quote a range and they could not do that work within the range, it is on your employees and not to come back to table with a new price.  I had photography set for the following day and had to clean all the windows myself before we put this home for sale.  So disappointing that Molly Maids charged approximately 3 times the regular price and the results didn't live up to your advertisements!",professionalism/service,friendliness,value/price;quality of cleaning;professionalism/service;efficiency/speed,overpriced;missed spots;poor communication;slow service
MOLLY MAID,Yelp,"Apr 7, 2022","Horrible service - I will advise not to use them.They did horribly bad job- We had to clean the house all over again after they left.Used them first time  with the intention to use them bi- weekly If they perform a good job. But the service was really bad and the house didn't look clean even after they left.After telling them multiple times that this is not clean please do it again, it was still left as is.They even wet the whole carpet outside of the bathroom and the stairs.One of the main lady said that the other two ladies came with her are trainee. Those two didn't have a professional attitude either and they were very rude.Even after such a horrible job where we ended up cleaning the whole house after the left - they charged us around $ 500 for two hours.They also ripped us on pricing - they quoted $ 150/hour over the phone and didn't mentioned at all that their one time cleaning fee is high.Please see the attached pictures.",,,quality of cleaning;professionalism/service;value/price,inconsistent cleaning;poor attention to detail;unprofessional behavior;poor communication;overpriced;hidden fees
MOLLY MAID,Yelp,"Mar 31, 2022","We received great service from Team # 11, Ana Guzman and Yesenia.  They always pay attention to the details.  They have a positive attitude and work hard.   They even work around us when we  are home.  The put special details for us like a cute flower design on our toilet paper.  They communicate well when there are any changes or issues arise. I highly recommend and will continue to use their service.",quality of cleaning;professionalism/service,attention to detail;friendliness;communication,,
MOLLY MAID,Yelp,"Mar 28, 2022","We are not too pleased with the service today.I was expecting exceptional cleaning- we got very average.I specifically asked for theÂ corners of each room toÂ be done and they wereÂ not.There was zero way to communicate to the cleaners who spoke no English.The cleaning is sloppy and not thoroughÂ at all and we really needed a GOOD job done since we are listing our house for sale this week.Very disappointedÂ and will never be using you again.Just got off the phone with the manager- she is HORRIBLE!  She wants to charge me a HUGE price for the absolute crappy work they did!  I do not have time for her to ""redo"" the cleaning.  It seems reasonable to me that a steep discount for having to do all the cleaning MYSELF would be in order.  NEVER EVER USE THESE GUYS!!!",,,quality of cleaning;professionalism/service;value/price,missed spots;poor attention to detail;unprofessional behavior;poor communication;overpriced
MOLLY MAID,Yelp,"Feb 28, 2022","Cleaners were scheduled to come between 8-12. It's now 1 pm and nobody has shown up. Called the company and was told the person responsible was simply unresponsive... and there was nothing to do other than to wait for a response from her. They were unable to schedule for someone else.My tenants are doing their move-in inspection in a couple hours - what am I supposed to do? Absolutely ridiculous.Edit: Sandy, I haven't been able to get in touch with anyone regarding payment. Where is the invoice? Can someone reach out to me please?",,,professionalism/service;efficiency/speed,poor communication;lack of responsiveness;late arrival
MOLLY MAID,Yelp,"Feb 22, 2022",We have been clients for a long time. Pleased with the work they do. I also like the fact that I can trust they don't judge for the way I cannot organize or clean my house by myself.,trustworthiness,reliability,,
MOLLY MAID,Yelp,"Feb 3, 2022","I'm editing the review in response to the owner's comment.  1. The original price was a system-generated number by the website. I made a reservation for a free estimate online but it ended up being a one-time clean reservation. I texted with the office to get it corrected.  2. Like I said, Claudia did not provide me a written quote of the price. She only said that the one-time cleaning will be hourly based with a team of two people at $125/h. Unfortunately I did not record our conversation so I don't have the proof.  3. I asked the management to limit the work to two hours after being notified that the rate was changed to $155/h. This is *after* the two ladies arrived and started working. As a matter of fact, Claudia and the management kept pushing me to accept the rate of $235+ for three-person cleaning. They put clients at a very tough position to refuse (the third lady was waiting outside, along with a fourth lady who was the driver).  4. I do not feel like this is the honest way of doing business. If the hourly charge is impacted by the number of people in the team, then the business should *NOT* change the number of people after the work has started and shovel the new rate down clients' throats.------------------------------------------------This is a copy of the email that I sent to the estimator with slight changes to improve readability as a review. 1. During our free estimate, Claudia informed me that one-time clean is always hourly based and the hourly rate is $125 for a team of two. She said that the job will take roughly 2.5 hours to 3 hours. She also informed me that regular cleaning will be $285 flat fee every time. I said I will consider after the initial clean. No formal written quote was provided -- which I regret deeply now given how the situation has changed. 2. The scheduled cleaning is in the afternoon. Two ladies showed up at 2 pm today after I called the office twice (once at 12:40 pm and was told that team will arrive in a hour or so, and once at 1:44 pm when no one showed up and the office had no idea where the team was). 3. Two more ladies showed up and I got confused. I then got on the phone with Claudia for a pronged conversation. She changed the quote to $155 per hour for a team of two and told me that Molly Maid never offers any flat fee arrangement. She also insisted on a team of three working at the house, which will lead to $230+ an hour. 4. I refused to have the team of three here as this is not what I agreed to or expected. I also requested the ladies to wrap up by two hours. I wore the email to her at the 1 hour and 20 min mark. So far the two ladies only finished one bathroom (working the second and barely starting the third one). 5. During the call she also mentioned that the ladies have another house to clean after mine. Again, I'd like to state that it's not my job to schedule the crew properly. Although it's a four hour window (12-4pm) for the team to show up, you can not expect them to show up at three and finish within an hour. Again, the ladies showed up at 2pm (I have footage with time stamp to show that). If they have another task after four, it's not on me to ensure that they have a manageable workload. 6. I chose Molly Maid because your service is assumed to be puncture and safe. It appears that the management has not done its job right.",,,professionalism/service;efficiency/speed;trustworthiness,poor communication;lack of responsiveness;slow service;unprofessional behavior;dishonesty
MOLLY MAID,Yelp,"January 17, 2022","Thank you Team #4: Blanca, Darrell, and Alva!You did a superb job on an uninhabitable living space!I didn't believe that there was hope and then you ladies came and save the day!...and Yes, I will be calling on your team again!See you soon!",quality of cleaning;professionalism/service,thoroughness;cleanliness;friendliness;customer service,,
MOLLY MAID,Yelp,"Jan 5, 2022","Molly Maid has now cleaned my home twice.  While there was one forgotten item on the initial clean (cleaning outside of kitchen cabinets) they did on second clean.  Three women came and they were in and out in an hour.  Great job, nice women. Professional.",professionalism/service;efficiency/speed,friendliness;quick service;professional,quality of cleaning,missed spots
MaidPro,Google,4 months ago,"What a difference Jessica made! Now we super-sparkle and shine.
I was concerned that a single cleaner would not be able to handle our large home and should not have been. MaidPro always provides tip top cleaning and today was no different.
Also, BIG thanks for being so considerate while I was stuck working in our home office.
Applause on all fronts.",quality of cleaning;professionalism/service,spotless results;friendliness,,
MaidPro,Google,5 months ago,Ashley and Jennifer did a FANTASTIC JOB helping us with unboxing and organizing all of our belongings from our recent move. They took a task that seemed almost impossible and made it a reality! They made a great team!,specific tasks;professionalism/service,organization;friendliness,,
MaidPro,Google,5 months ago,"Super happy with MaidPro Marina Del Rey! I had them do a deep clean before some family came to visit, and my house has never looked better. The team was friendly and efficient, and I loved the extra touches like wiping down the light switches. Totally using them again!",quality of cleaning;professionalism/service;efficiency/speed,deep cleaning;friendliness;efficient work;attention to detail,,
MaidPro,Google,5 months ago,"MaidPro came to my apartment last week, and I was amazed at how thorough the cleaning was. They didn't miss a single spot! My bathroom sparkled like never before, and even the tricky spots in the kitchen were spotless. Definitely recommending them to anyone looking for reliable cleaning services.",quality of cleaning;professionalism/service,thoroughness;spotless results;reliability,,
MaidPro,Google,9 months ago,Thank you Jessica!!! Very thoroughly and friendly!!!!!! ðŸ˜ƒ â€¦,quality of cleaning;professionalism/service,thoroughness;friendliness,,
MaidPro,Google,9 months ago,Completely professional cleaners that work with everyone's schedule. My pro Jessica was especially helpful with eaning tips!! Very easy to get your place cleaned with people you can trust!,professionalism/service;trustworthiness,friendliness;customer service;favorite worker,,
MaidPro,Google,9 months ago,Anastasia did a very good job getting our condo ready for new tenants.,quality of cleaning,thoroughness,,
MaidPro,Google,11 months ago,Had a great cleaning service with Myra and Jessica from Maidpro. Our home was in great condition and very happy with the outcome. Thank you!,quality of cleaning;professionalism/service,cleanliness;thoroughness;friendliness;customer service,,
MaidPro,Google,a year ago,"MaidPro was a little out of my area, but they had been highly recommended to me, so after losing my previous cleaning company (they decreased their service area due to inflation). I tried several different services with very mixed results before calling MaidPro, and they said they would be willing to come to Sherman Oaks. The cleaner they sent over was Jessica and she did an amazing job. Better, in fact, than the other services who had 2 cleaners at a time. We hired MaidPro and Jessica for 2x  monthly cleanings and have been very happy, especially with her cleaning of the kitchen and bathrooms. FIVE STARS, HIGHLY RECOMMENDED.",quality of cleaning;professionalism/service,thoroughness;cleanliness;friendliness;customer service,,
MaidPro,Google,a year ago,"Ana did an excellent job on my daughter's apt, highly recommend.",quality of cleaning,thoroughness,,
MaidPro,Google,2 years ago,"I love MaidPro! Had such a good experience with them and have been using their cleaners for two years - they even agreed to service my new apartment when I moved. They are responsible, always on time, and reply to emails quickly. My apartment is always spotless once they leave and Iâ€™ve never had any issues with a cleaner. Professional and personal!",quality of cleaning;professionalism/service;efficiency/speed,spotless results;friendliness;responsiveness;punctuality,,
MaidPro,Google,2 years ago,"MaidPro is consistently excellent. Nanci, our regular housekeeper, is thorough and meticulous. Plus the customer support is very responsive and helpful. No complaints!",quality of cleaning;professionalism/service,thoroughness;responsiveness,,
Merry Maids,Yelp,"Jun 13, 2022","I used Merry Maids for more than a year after I first moved to Arizona.  I found their hourly rate, $60 per maid, extreme.  Cleaning was adequate.  People doing the scheduling would screw things up and I would randomly end up with 'new' cleaners which is completely annoying.  Final straw, they raised their rate to $80 per hour. That is ridiculous.  Particularly after finding out MM only pay their maids approx $9-$15 per hour.  What the heck was the basis for the %20+ rate increase????   MM is ripping off the maids with that low wage and customers with an unwarranted, completely off the rails charge per hour.  I hope they lose a lot of customers due to the price increase.",,,value/price;professionalism/service,overpriced;poor communication
Merry Maids,Yelp,"May 27, 2022","I was very satisfied with Merry Maids in the past. They recently sent two very inexperienced cleaners to my home. After paying over $500 for the service I had to redo most of what they did when they left. They did not clean the kitchen sink or wash the kitchen floor, the did not clean the bathroom countertop or the mirror, they did not lift the lamps to clean underneath them. There was dust under the entertainment center as well as around the table legs. When I asked for a refund they offered to send someone back. I needed the cleaning done within a certain time-frame and could not have them come back. I got a $100 refund. I believe I should have gotten back half of what I paid. If I could give them no stars I would.",,,quality of cleaning;professionalism/service;efficiency/speed;value/price,inconsistent cleaning;poor attention to detail;unprofessional behavior;poor communication;slow service;overpriced
Merry Maids,Yelp,"Mar 26, 2022","Horrible service. My house is being put on the market today and I had them clean my house yesterday. It wasn't vacuumed, dry wall dust on base boards, white stuff dripping in the oven, long hair in the kitchen sink. I could go on and on. I paid over $400 for this and basically spent half a day cleaning up after them.",,,quality of cleaning;value/price,missed spots;poor attention to detail;overpriced
Merry Maids,Yelp,"Mar 9, 2022","I wanted the cupboards cleaned of grease, and under them as well. Big mistake, as I used them to clean a duplex 2 years ago and did a good job. The people on the phone a rude, and the first girl that came used a floor cleaner that was brown and sprayed it all over the place, she missed some real greasy spots, got the spray running down the fridge, inside the cupboards, and on the floor. She was on her cell phone the whole hour she was here. So had 2 other people come to fix the problems, and they did a good job. I will never get this company to do anything for me again!",quality of cleaning,thoroughness,professionalism/service;quality of cleaning,poor attention to detail;unprofessional behavior;missed spots
Merry Maids,Yelp,"Dec 11, 2021","I was very satisfied with the woman who came and worked on my condominium.  The job was supposed to be deep cleaning, preparing the condominium for rental. She worked hard for three hours but it took me another four hours to complete it today. Our tenant left it a mess and it warranted more time.  I paid $315 for three hours of work and I was told by Merry Maids that I would not have to worry about it because everything would be completed.  It was not the employee's fault because she needed more time or another person to assist her....more time that she did not have. Merry Maids should have sent two people to work on this job.  They knew it was going to be a big job because I told them in detail what needed to be done.  I will not recommend Merry Maids to my friends nor will I ever use it again. I am curious to know how much they paid the employee to clean my condominium and how much they collected for themselves....",quality of cleaning,deep cleaning,professionalism/service;efficiency/speed;value/price,poor communication;slow service;overpriced
Merry Maids,Yelp,"Dec 2, 2021","The cleaning was expensive and just ok.  The staff, all of whom seemed very nice, have too many homes in a single day for them to be able to do a good job.  However there were 2 issues that were very unacceptable.  1) I told the cleaning person to not use water on my wood floors -- and handed her a can of Endust and a dust mop.  She mixed the Endust with water and washed the floors with the dust mop. 2) Two items were broken (a candlestick and a picture frame).  Accidents happen and it would have been ok if I had been told.  Instead the 'deeds' were hidden.  I found the candle from the candlestick in a hiding spot (I'm giving the person the benefit of the doubt that it was broken and cleaned up rather than stolen).  I found the picture frame in pieces with the pieces carefully stuck together around the picture so I wouldn't notice.  I called the company simply to tell them that they need to train their employees to admit when there's an accident.  Their response was to deny that their employees were responsible in any way.  I will not be using Merry Maids again.",professionalism/service,friendliness,value/price;quality of cleaning;specific issues;professionalism/service,overpriced;poor attention to detail;damage to items;unprofessional behavior
Merry Maids,Yelp,"Nov 17, 2021","Right now as of today 11/17/2021 I would give the a 2 star rating.  I was suppose to have a deep clean service done today and that is not what I got.  I'm very disappointed,  I spoke with someone in the office and they are going to try and rectify this matter. My bathroom was left untouched completely,  my blinds weren't touched,  floorboards and corners of tiled floor were left with dirt.  Very very disappointing.  I used Merry Maids about 16 yrs ago and was very satisfied.  I've had a cleaning lady since then who has left us as she moved out of state,  so I am a returning customer and like I have said I am very disappointed.  I hope Merry Maids will rectify asap.",,,quality of cleaning;professionalism/service,inconsistent cleaning;poor attention to detail;unprofessional behavior
Merry Maids,Yelp,"Nov 5, 2021","Over 20 years of cleaning service with Merry Maids they've always provided excellent service, professional, safety during the pandemic.  The cleaners were alway nice and friendly.  Although, the most recent management  in the past 3 weeks have notably unprofessional over the phone by implying I didn't pay the correct amount $125 (raise in cost $165 2bed 2bath) which I was never given a 30 day written notification of a price increase. In the past I've always been give a 30 day written notification and during difficult times the past manager was always accommodating to the certain situations.They've called several times in 1 week at odd hours and telling me I need to pay them the price increase and were very unprofessional and rude.  I mentioned to send me a written letter and provided me with the price increase.  As of today they've terminated my services without any written notification via text message.**this is unacceptable**unprofessional in running a business**very rude over the phone**as far as customer services.  However, the cleaners are excellent professional, kind and just trying to make a decent living.  The management is another story...",professionalism/service,friendliness;customer service,professionalism/service;trustworthiness,unprofessional behavior;poor communication;lack of responsiveness;dishonesty
Merry Maids,Yelp,"Jul 12, 2021","Merry Maids was hired to clean my townhome upon move out.  They were hired to have 2 girls, for 2 hours at $130/hour for a total of $260 to only vacuum the carpeted floors, clean the wood floors, clean the kitchen & 3 bathrooms.  They failed to clean the ENTIRE 1st FLOOR.  I would NEVER recommend them to anyone.",,,quality of cleaning;professionalism/service,inconsistent cleaning;poor attention to detail;unprofessional behavior
Merry Maids,Yelp,"Jul 8, 2021",i.am a.first time client claudia came asap to help. she was so so promt professionaland even when i got a little emotional about this situation.she calmed me down.and explained how there service works .the ladies arrived went right to work and i was in tears when they left .they did my daughters room.my hallway my restroom my kitchen .merry maids thank you for your hard work your positive attitude and for being here for me,professionalism/service;quality of cleaning,friendliness;communication;thoroughness;cleanliness,,
Merry Maids,Google,a week ago,It was wonderful walking into a sparkly clean home.  Thank you so much!,quality of cleaning,spotless results,,
Merry Maids,Google,a month ago,Great work. Very happy with service quality. Highly recommended ðŸ‘Œ â€¦,quality of cleaning,cleanliness,,
Merry Maids,Google,2 months ago,Lizbeth and Diana were efficient and super helpful in helping me keep my place clean and tidy with my five year old. I really appreciate the little touches they did during cleaning such as fluffing and organizing the couch blankets and â€¦,efficiency/speed;quality of cleaning;specific tasks,efficient work;attention to detail;organization,,
Merry Maids,Google,2 months ago,"cheerful, professional and do a thorough cleaning.
thanks!",quality of cleaning;professionalism/service,thoroughness;friendliness,,
Merry Maids,Google,4 months ago,Luz did a thorough and quick job cleaning my 2 bedroom home and even left small personal touches (eg setting up my stuffed animals on my bed and couch) that made everything feel like home,quality of cleaning;efficiency/speed,thoroughness;quick service,,
Merry Maids,Google,4 months ago,"Luz of Merry maids was very professional, efficient, respectful and did an outstanding job.",professionalism/service;efficiency/speed;quality of cleaning,professionalism;efficient work;thoroughness,,
Merry Maids,Google,4 months ago,"I have used their service twice now, monthly, and Iâ€™m very pleased! My house doesnâ€™t get very dirty, but the deep cleaning always feels overwhelming after a while. Itâ€™s really nice to come home to a sparkling clean house after working all day.",quality of cleaning;specific tasks,spotless results;deep cleaning,,
Merry Maids,Google,5 months ago,"The ladies that work for Merry Maids are really good at what they do. They did such a wonderful job on my house, they work great together as a team and wasted no time in getting the job done in a timely fashion. Thanks again Merry Maids.",quality of cleaning;efficiency/speed,thoroughness;quick service;punctuality,,
Merry Maids,Google,5 months ago,"Merry Maids is a good cleaning service. I have used them twice, and have been satisfied with their work. I will say that the cleaning is not intensive, and so if you have high standards for the cleanliness of your home (corners, crevices, â€¦",quality of cleaning,cleanliness,quality of cleaning,poor attention to detail
Merry Maids,Google,7 months ago,"Margarita and Otilia cleaned our house beautifully today. They are friendly and efficient. We always enjoy greeting them at the door, and it is a treat to come into our tidy house after they have cleaned it. Thank you, Margarita and Otilia!.",quality of cleaning;professionalism/service;efficiency/speed,cleanliness;friendliness;efficient work,,
Merry Maids,Google,7 months ago,I think the service is pretty convenient. But itâ€™s pretty overpriced given that they didnâ€™t pull my stove/oven and fridge and clean the areas under them. Now my apartment is going to charge me again for clean those areas. They can do a better job given that they charge so much!,professionalism/service,convenience,value/price;quality of cleaning,overpriced;missed spots
Merry Maids,Google,8 months ago,"Elvira and Susy always do a great job! They are on time, work quickly and efficiently! The house looks great and smells fresh!",quality of cleaning;efficiency/speed,cleanliness;quick service;efficient work,,
Merry Maids,Google,9 months ago,Merry Maids continues to provide the finest professional cleaning service. They are reliable and trustworthy.,professionalism/service;trustworthiness,reliability;honesty,,
Merry Maids,Google,10 months ago,"Friendly, great service, on time and efficient.",professionalism/service;efficiency/speed,friendliness;punctuality;efficient work,,
Merry Maids,Google,10 months ago,"It's wonderful to come home to a clean house. Asminda and Margarita are very thorough, professional, and friendly. I highly recommend Merry Maids!",quality of cleaning;professionalism/service,thoroughness;friendliness,,
Merry Maids,Google,11 months ago,Esbeydi and Elvira did a great job cleaning my house.,quality of cleaning,thoroughness;cleanliness,,
Merry Maids,Google,11 months ago,Lizabeth and Diana have been professional and thorough. I feel happy to have them regularly clean my place.,professionalism/service;quality of cleaning,friendliness;thoroughness,,
Merry Maids,Google,11 months ago,"Merry Maids of Mt View, CA   Outstanding work by E/viro.  excellent cleaning person  she has cleaned my home for many years",quality of cleaning;professionalism/service,thoroughness;friendliness,,
Merry Maids,Google,11 months ago,Elvira is the best! She we works hard and does a great job! She is also very kind and friendly. Iâ€™m always happy to see herâ€¦my favorite!!!,professionalism/service,friendliness,,
Merry Maids,Google,11 months ago,They went above and beyond. We love how they attend to any details we ask.,quality of cleaning;professionalism/service,attention to detail;customer service,,
Merry Maids,Google,11 months ago,"I have been a customer of Merry Maids for 9 years. They are excellent. Their teams are professional, consistent, conscientious and very hard working. A special thank you to Asminda and Natalia for their efforts and cheerfulness every single â€¦",professionalism/service;quality of cleaning,friendliness;responsiveness;cleanliness;attention to detail,,
Merry Maids,Google,11 months ago,"Professional and reliable staff, no worries about items being stolen, broken, etc. Reliable service too. â€¦",professionalism/service;trustworthiness,reliability;honesty,,
Merry Maids,Google,11 months ago,"Margarita and Otelia did a fabulous job cleaning my house. It hadnâ€™t been dusted thoroughly in months.  They were thorough, efficient, careful, and cheerful. I hope Merry Maids sends this team to me again!",quality of cleaning;efficiency/speed;professionalism/service,thoroughness;efficient work;friendliness,,
Merry Maids,Google,a year ago,"Elvira is fantastic, always arrives on time, with a smile and make sure our office is sparkling clean!!!",professionalism/service;efficiency/speed;quality of cleaning,friendliness;punctuality;spotless results,,
Merry Maids,Google,a year ago,"Lizbeth and Diana were very professional and courteous. They did an amassing job at cleaning my townhome. They were on time, and very detailed at cleaning everything I requested. To make it even better, a supervisor from Merry Maids came in â€¦",professionalism/service;quality of cleaning;efficiency/speed,friendliness;thoroughness;punctuality;attention to detail,,
Merry Maids,Google,a year ago,"I am writing a third review because I have been using this Merry Maids team for my home for over 30 years.  The service has been consistently excellent, the Merry Maids crew is fantastic, friendly and professional and I love how my house sparkles when they are  Josefina and her crew are truly the best.",quality of cleaning;professionalism/service,cleanliness;friendliness;professionalism;spotless results,,
Merry Maids,Google,a year ago,The Merry Maids who clean my home are hardworking and thorough. They leave my place clean and fresh after each visit. I have been a client for many years.,quality of cleaning;professionalism/service,thoroughness;cleanliness;customer service,,
Merry Maids,Google,a year ago,"Excellent service. Professional, thorough, timely.",professionalism/service;quality of cleaning;efficiency/speed,friendliness;thoroughness;punctuality,,
Merry Maids,Google,a year ago,Our Merry Maids team always does an outstanding job.  They pay attention to detail and the house always looks great after they are here!  I would highly recommend them!,quality of cleaning;professionalism/service,attention to detail;cleanliness;friendliness,,
Merry Maids,Google,a year ago,"My team is reliable and friendly and always show up early and do a good job, even though  sometimes Iâ€™m not perfect about being ready for them, they never complain. This week they even did an extra good job, itâ€™s like they knew it was my birthday!",professionalism/service;efficiency/speed;quality of cleaning,friendliness;punctuality;good value for money;thoroughness,,
Merry Maids,Google,a year ago,Amazing customer service to set up an appointment. Elvira was also so quick and thorough with the cleaning. Would definitely hire them again.,professionalism/service;efficiency/speed;quality of cleaning,customer service;quick service;thoroughness,,
Merry Maids,Google,a year ago,Great experience with Merry Maids â€” theyâ€™re very professional and do a fantastic job. Esbeydi and Susy are awesome!,professionalism/service;quality of cleaning,friendliness;customer service;thoroughness,,
Merry Maids,Google,a year ago,"From start to finish, Lizbeth and Natalia were absolutely amazing. My apartment hasn't been this clean since the day I moved in. I truly appreciate their efficiency and thoroughness. I'm extremely satisfied with the service, and I will definitely be a repeat customer of Merry Maids of Mountain View.",quality of cleaning;efficiency/speed,thoroughness;quick service,,
Merry Maids,Google,a year ago,"Elvira and her teammate were delightful. They did a fabulous job deep cleaning my house and allowed me to put my house back together after construction. They were both friendly, polite, and hard working. I really appreciated that detail they took when cleaning. Thank you!",quality of cleaning;professionalism/service,deep cleaning;friendliness;attention to detail,,
Merry Maids,Google,a year ago,"Esbeydi & Susy were wonderful. Timely, thorough, and very friendly. They worked so quickly I didnâ€™t even realize they had finished and left. â€¦",quality of cleaning;professionalism/service;efficiency/speed,thoroughness;friendliness;quick service,,
Merry Maids,Google,a year ago,"I wanted to express my sincere appreciation for the exceptional cleaning service your team provided. Our space looks immaculate, and your attention to detail has not gone unnoticed. Thank you for your hard work and commitment to excellence.",quality of cleaning;professionalism/service,attention to detail;cleanliness,,
Merry Maids,Google,a year ago,My house was a wreck!  Merry Maids worked a miracle!,quality of cleaning,thoroughness;spotless results,,
Merry Maids,Google,a year ago,"Cleaners were great. They were really nice and professional, they did a good job, and worked fast. No problems with their work. My only complaint was they arrived over an hour earlier than we expected them and we were still making lunch. We â€¦",professionalism/service;efficiency/speed,friendliness;quick service;punctuality,efficiency/speed,late arrival
Merry Maids,Google,a year ago,"All of the above, plus our team, Sandra & Andrea, always do an excellent job and are a pleasure to visit with, too.",quality of cleaning;professionalism/service,thoroughness;friendliness,,
Merry Maids,Google,a year ago,"After moving in about 2 months ago we were finally ready to have our home deep cleaned. Lizbeth and Natalia were great! They were friendly, conscientious about keeping doors closed to prevent the cat from getting out, and cleaned everything â€¦",quality of cleaning;professionalism/service,deep cleaning;friendliness;attention to detail,,
Merry Maids,Google,a year ago,Esbeydi and Susy do a fantastic job - appreciate all their hard work!!,quality of cleaning;professionalism/service,thoroughness;friendliness,,
Merry Maids,Google,a year ago,"Quick to respond, great service, competitive pricing.",professionalism/service;value/price,responsiveness;customer service;reasonable pricing;good value for money,,
Merry Maids,Google,a year ago,We have been using Merry Maids for a few months and are very happy with their service. Lizbeth and Natalia are very detailed and have always met our needs. They arrive on time and are friendly and efficient. highly recommend them.,quality of cleaning;professionalism/service;efficiency/speed,detailed cleaning;friendliness;punctuality;efficient work,,
Merry Maids,Google,a year ago,Overall clean but I did pay more and they said they would clean the drawers. I found that some of the bathroom drawers were still dirty. I wanted a full move in clean before I moved in.,quality of cleaning,cleanliness,value/price;quality of cleaning,overpriced;missed spots
Merry Maids,Google,a year ago,"The women who came were through , on time, did exactly what I asked and really worked hard! Well worth it !!",quality of cleaning;efficiency/speed,thoroughness;punctuality;quick service,,
Merry Maids,Google,a year ago,They are a well run business and do a great job. Esbeydi and Susy work fast and  they are very thorough and do little extras that are just nice. Like leave a note and fold the toilet paper like at hotels. It's just a nice touch,quality of cleaning;professionalism/service;efficiency/speed,thoroughness;friendliness;quick service,,
Merry Maids,Google,a year ago,"The house was clean, neat, and fresh-smelling when we came back from our walks after our team arrived and found Elvira and Maria had left us a green and white bouquet clipped from some of the trees and shrubs growing in our front yard. â€¦",quality of cleaning;professionalism/service,cleanliness;attention to detail;friendliness,,
Merry Maids,Google,a year ago,Excellent job. They made the place look much better in limited time. Very professional and efficient.,quality of cleaning;professionalism/service;efficiency/speed,thoroughness;professionalism;efficient work;punctuality,,
Merry Maids,Google,a year ago,"Josefina and Izela always do a fabulous job keeping our home clean.  I'm always amazed at what they can accomplish. Grateful for the work they do, thank you!",quality of cleaning;professionalism/service,thoroughness;cleanliness;customer service,,
Merry Maids,Google,a year ago,Esbeydi and Susy were really professional and went above and beyond in cleaning our home!,professionalism/service,friendliness,,
Merry Maids,Google,a year ago,"Iâ€™ve used this Merry Maids location since 2010, and the teams always do an amazing job. I appreciate the very thorough cleaning, reasonable rates, reliable/professional service, and clear communication about arrival time. I highly recommend them.",quality of cleaning;professionalism/service;value/price,thoroughness;reasonable pricing;reliability;communication,,
Merry Maids,Google,a year ago,Great cleaning. Esbeydi and Sussy are highly professional and on time!,quality of cleaning;professionalism/service;efficiency/speed,cleanliness;professionalism;punctuality,,
Merry Maids,Google,a year ago,"I can't say enough good things about the incredible service provided by Esbeydi and Susy from Merry Maids. Their efficiency and speed are unmatched, completing the job in just one hour without compromising on the quality of their work. It's â€¦",efficiency/speed;quality of cleaning,quick service;thoroughness,,
Merry Maids,Google,a year ago,Lizbeth and Natalya went above and beyond in getting our place cleaned today! Even cleaning up the windows which have needed it badly. They were accommodating to us with our toddler and super kind in providing us information about what they â€¦,quality of cleaning;professionalism/service,thoroughness;cleanliness;friendliness,,
Merry Maids,Google,a year ago,I used this service as my regular cleaners and they also did a very deep cleaning when we moved out. They always left the space spotless and the girls are super friendly! Very responsive and always on time,quality of cleaning;professionalism/service;efficiency/speed,spotless results;friendliness;responsiveness;punctuality;deep cleaning,,
Merry Maids,Google,a year ago,MM cleaned bathroom shower stall & sink in less than an hour; punctual; thorough cleaning.,quality of cleaning;efficiency/speed,thoroughness;punctuality,,
The Cleaning Authority,Google,4 days ago,"Very reliable arrangements with cleaners showing up on time, all 3 times.

Only problem really is the $260.00 cost. The house is mostly vacant-â€“ when living at my other house â€“ and doesn't really get dirty.
I donâ€™t cook.  Refrigerator and windows donâ€™t get cleaned.  Two rooms are  not used except for storage.  All cleaners do is mop and vacuum and change one bed.
.. Wipe sinks.

It IS helpful to have service only every four weeks.  Its all that is needed.",professionalism/service,reliability;punctuality,value/price;quality of cleaning,overpriced;inconsistent cleaning
The Cleaning Authority,Google,2 weeks ago,The team from Cleaning Authority who cleaned our home yesterday did a very good job,quality of cleaning,thoroughness,,
The Cleaning Authority,Google,a month ago,The staff continue to go above and beyond!,,,,
The Cleaning Authority,Google,3 months ago,All great.,,,,
The Cleaning Authority,Google,3 months ago,"It is the first time of us using Cleaning Authority's service. It was amazing. I never had a cleaner house than right now, every corner and crevice. Hope they can keep the good work in the regular cleaning sessions.",quality of cleaning,thoroughness;attention to detail;cleanliness;spotless results,,
The Cleaning Authority,Google,3 months ago,Juliet and Monica did a great job. The floors were my main concern and they are shiny and beautiful now. Thank you.,quality of cleaning,cleanliness;spotless results,,
The Cleaning Authority,Google,4 months ago,"Iâ€™ve used them for a few months now. They are reliable, thorough and quick.  I like that they send a team of 2-3 which makes the time needed for cleaning minimal. They use a great rotation method in which a more thorough cleaning is done for certain areas. They leave documentation of what was done and what areas are next for the more thorough cleaning. Their communication is outstanding as they send reminders when cleaning is scheduled and another one when cleaning is completed. Nothing nicer than walking into a clean home.",quality of cleaning;professionalism/service;efficiency/speed,thoroughness;communication;quick service;cleanliness,,
The Cleaning Authority,Google,4 months ago,Great job again,,,,
The Cleaning Authority,Google,5 months ago,crew of four clean large house.,,,,
The Cleaning Authority,Google,5 months ago,"So far, so great! So far, we have had three or four cleanings by The Cleaning Authority. Great work every time, so far. Keep up the great work!",quality of cleaning;professionalism/service,thoroughness;cleanliness;customer service,,
The Cleaning Authority,Google,6 months ago,The workers from The Cleaning Authority did a great job on our house. It looked great.,quality of cleaning,cleanliness;spotless results,,
The Cleaning Authority,Google,9 months ago,They were great,,,,
The Cleaning Authority,Google,10 months ago,Please teach them what is the garbage can and what is thw recycle bin. I had to dig 9ut of recycle bin for the garbage bag.,,,specific issues,issues with specific areas of the house
The Cleaning Authority,Google,10 months ago,They showed up early and spent extra time on our initial cleaning.  We are incredibly satisfied and will continue with monthly service.,efficiency/speed;professionalism/service,punctuality;customer service,,
The Cleaning Authority,Google,10 months ago,"I have used the Cleaning Authority for years. The owners are very consistently nice and professional, and all the workers have been the same. The quality of the service is very very good. I always leave each worker a generous tip cause they work so hard. I trust them around my house. A plus +++",professionalism/service;quality of cleaning;trustworthiness,friendliness;customer service;thoroughness;reliability,,
The Cleaning Authority,Google,11 months ago,"Our cleaners went the extra mile this week. In addition to sparkling counter tops and floors, all of our beds were beautifully made, every hand towel and throw blanket was perfectly folded, and even our toilet paper had hotel folds. Thanks for making it extra special!",quality of cleaning;professionalism/service,attention to detail;cleanliness;friendliness,,
The Cleaning Authority,Google,a year ago,Did a great job.,,,,
The Cleaning Authority,Google,a year ago,Very thorough and dependable,quality of cleaning,thoroughness,,
The Cleaning Authority,Google,a year ago,"Latest review: The previous owner died and sold it to someone else. After that, things went downhill. They sent a new cleaning team each time, they rubbed the enamel off my toilet seat cover, scrubbed the numbers off my stovetop and scratched the stainless steel, made the bed so the sheets were totally long on one side and hardly covered the other side, bleached my new hand towel, dropped something like Comet on my rug and stained it, and left mysterious scratches on the tops of my dressers.
Old review: I have cleanings every other week. It's nice to have a dependable service that cleans well. I have a lot of dog hair around the house and it gets cleaned up. I'm pretty messy, and they do a good job. Today, they even folded my extra sheets and blanket in addition to changing my sheets that were on the bed.",quality of cleaning;professionalism/service,thoroughness;cleanliness;customer service,quality of cleaning;specific issues,damage to property
The Cleaning Authority,Google,a year ago,Iâ€™m pleased with the job Cleaning Authority does. A team of 3 get so much done in less than 2 hours.,efficiency/speed,quick service,,
The Cleaning Authority,Google,a year ago,I love having a clean place that doesnâ€™t smell like chemicals! And my team is friendly and professional. They show up on time and do a fantastic job.,quality of cleaning;professionalism/service;efficiency/speed,cleanliness;friendliness;punctuality;thoroughness,,
The Cleaning Authority,Google,a year ago,TCAâ€™s crew came today for the first of two initial deep clean appointments. I am blown away. What an amazing first impression! The whole house just sparkles.,quality of cleaning;specific tasks,spotless results;deep cleaning,,
The Cleaning Authority,Google,a year ago,Thanks to my crew! Always professional.,professionalism/service,friendliness,,
The Cleaning Authority,Google,a year ago,The girls were very nice and friendly and left the house sparkling!,professionalism/service;quality of cleaning,friendliness;spotless results,,
The Cleaning Authority,Google,a year ago,"The cleaning authority in San Jose are very nice people. They are very gracious as they asked me how I wanted the house to be cleaned. Or I should say they told me how they were going to clean it but they were very nice about it. Everyone there is very good at what they do. The house turned out to be very very clean. I'm visually impaired, or in other words totally blind. But I could tell that they did a very good job and it was confirmed by a sighted person. They took their time and cleaning the bathroom, the kitchen, they vacuumed very thoroughly. They also did the blinds and the windows. They clean the counters very well and also cleaned the stove. Thank you very much",quality of cleaning;professionalism/service;efficiency/speed,cleanliness;friendliness;thoroughness;efficient work,,
The Cleaning Authority,Google,2 years ago,I have used The Cleaning Authority of San Jose for several months. They are responsive to phone calls when I need to make changes and the cleaners are respectful and efficient.,professionalism/service;efficiency/speed,responsiveness;respectfulness;efficient work,,
The Cleaning Authority,Google,2 years ago,"Always happy with the teamâ€™s work, never once been let down",quality of cleaning,thoroughness,,
The Cleaning Authority,Google,2 years ago,"For the most part, the cleaning people did a good job. I had some comments:
1) I was surprised I had to ask them to put booties on their feet.
2) They missed a lot of dust.
3) What ever they used to clean the painted surfaces was quite abrasive. I suspect they ised Mr. Clean magic eraser pads because I saw bits of them on the kitchen floor. Now my nice painted cabinets and window sills have acratches on them. This is almost worth marking down two stars.",,,quality of cleaning;professionalism/service,missed spots;damage to property;unprofessional behavior
The Cleaning Authority,Google,2 years ago,"Efficient, thorough, and focused",efficiency/speed;quality of cleaning,efficient work;thoroughness,,
The Cleaning Authority,Google,2 years ago,The pair of women who take care of us are very good. They follow our instructions perfectly. Itâ€™s great to get the same team every time.,professionalism/service,friendliness;reliability,,
The Cleaning Authority,Google,2 years ago,Nice job always,,,,
The Cleaning Authority,Google,2 years ago,They were better this week,,,,
The Cleaning Authority,Google,2 years ago,fantastic job,,,,
The Cleaning Authority,Google,2 years ago,"Fantastic job!  Very professional, and great team from the estimate to the cleaningâ€¦ thank you!",professionalism/service,friendliness;customer service,,
The Cleaning Authority,Google,2 years ago,Clotilde and Lucero did a fantastic job today. ðŸ‘,quality of cleaning,thoroughness;spotless results,,
The Cleaning Authority,Google,3 years ago,The ladies always do a thorough job. The house smells do  clean when they leave. Was grateful for the phone call the day before. I donâ€™t do well with spps so the personal phone call was much appreciated.,quality of cleaning;professionalism/service,thoroughness;cleanliness;communication,,
The Cleaning Authority,Google,3 years ago,"It has been many years since I initially used The Cleaning Authority , and I am so happy to be able to have them back. I came home from work to the cleanest house I have had in years. Just walking in relieved so much stress and anxiety for me. Their services far exceed any other cleaning service I have used including myself. Highly recommend them!!!!",quality of cleaning;professionalism/service,cleanliness;thoroughness;customer service,,
The Cleaning Authority,Google,3 years ago,"TCA came to do a deep clean for me for the first time since Covid started.  After 2 years of no deep clean, they had their work cut out for them!  The friendly and professional team did an amazing job for a good price.  My house looks great.  I look forward to future cleanings with TCA.

Also, I love that I could schedule online with them and that rescheduling (which I had to do) was a breeze.",quality of cleaning;professionalism/service;value/price;efficiency/speed,deep cleaning;friendliness;good value for money;quick service;booking options,,
The Cleaning Authority,Google,3 years ago,"Very professional, on time, kind and courteous and did a wonderful job with the cleaning! We are very picky about how our house is cleaned and we were very happy with their work. Highly recommend.",professionalism/service;efficiency/speed;quality of cleaning,friendliness;punctuality;thoroughness,,
The Cleaning Authority,Google,3 years ago,"Kevin, as they were driving off I realized I hadn't given them a check.  I
'will put it in the mail tomorrow.  They were here for one hour, and to meet my expectations they would have had to be here longer.  When I walked back into my house from being in the garage, I heard my toilet running and vacuum marks were zigzagging all over the living room.",,,efficiency/speed;quality of cleaning,incomplete work;poor attention to detail
The Cleaning Authority,Google,3 years ago,My house looks the best it has since we moved in! I keep finding new things they cleaned that I was not expecting to be covered (guys they wiped off my shampoo bottles). I am very very impressed!,quality of cleaning;professionalism/service,thoroughness;attention to detail;friendliness,,
The Cleaning Authority,Google,3 years ago,The crew was extremely professional and attentive.  They worked hard and did a fabulous job.  Thank you!,professionalism/service;quality of cleaning,friendliness;attention to detail;thoroughness,,
The Cleaning Authority,Google,3 years ago,I have been using them for years. Lupe and Victorina do a wonderful job. I have three dogs and a cat and when they come thereâ€™s not a hair to be seen. The owner has been wonderful over the years he really cares about his employees. Customer service has been great.,quality of cleaning;professionalism/service,thoroughness;cleanliness;customer service,,
The Cleaning Authority,Google,3 years ago,Cleaning team was polite and thorough ... They did a pretty good job!,quality of cleaning;professionalism/service,thoroughness;friendliness,,
The Cleaning Authority,Google,3 years ago,"We have been using them every other week for about a year for my home and another family memberâ€™s home and we are grateful and satisfied with their cleaning. The office lets us know when they are coming ( regularly at around the same time). The ladies who clean for us are respectful, kind, and professional. I look forward to that clean house feeling our crew leaves for us as they depart.",quality of cleaning;professionalism/service,cleanliness;friendliness;communication,,
The Cleaning Authority,Google,3 years ago,"The Cleaning Authority cleaners are always friendly, respectful, and fast!  They do a great job every time.",professionalism/service;efficiency/speed;quality of cleaning,friendliness;quick service;thoroughness,,
The Cleaning Authority,Google,3 years ago,"Veronica and Margarita walked into a house that had not been cleaned in over 1 1/2 years. The DUST was unbelievable and the bathrooms were full of Black Mold in the showers and the toilets. They stayed at the job until everything was cleaned and dusted, and they were able to get the mold out of the shower and the toilets. The owner, Kevin, was very responsive to my phone calls and accommodated my cleaning in a short time. Highly recommend this company and their cleaners. Thank you to them!",quality of cleaning;professionalism/service,thoroughness;responsiveness,,
The Cleaning Authority,Google,3 years ago,Ana & Elisabet do a great job. Owner is easy to work with and they have been very reliable. Good work for fair price.,professionalism/service;value/price,friendliness;reliability;reasonable pricing;good value for money,,
The Cleaning Authority,Google,3 years ago,They are always polite and efficient. Very easy to work with and do an excellent job. It's great to know my home is clean and I can trust them!,professionalism/service;efficiency/speed;quality of cleaning;trustworthiness,friendliness;efficient work;cleanliness;reliability,,
The Cleaning Authority,Google,4 years ago,"The cleaning team was helpful, respectful. and very thorough. They add a bit of light to a very ordinary day. Thanks team.",professionalism/service;quality of cleaning,friendliness;thoroughness,,
The Cleaning Authority,Google,4 years ago,Cleaner,,,,
The Cleaning Authority,Google,4 years ago,"I go into my home office to work, come out an hour and a half later, and my house is sparkling clean and smells wonderful!",quality of cleaning;efficiency/speed,spotless results;quick service,,
The Cleaning Authority,Google,4 years ago,"I've been using the cleaning authority in San Jose for close to 3 years. I love my cleaning team, Margarita and Veronica are the best! They are careful with our things and they are attentive to special requests. The management is great and â€¦",professionalism/service;specific tasks,friendliness;attention to detail;special requests,,
The Cleaning Authority,Google,4 years ago,"Well done! Bed is made, floors are clean, bathrooms are smelling great!",quality of cleaning,cleanliness;spotless results,,
The Cleaning Authority,Google,4 years ago,"Reliable team, friendly and on time and they do an amazing job. Very thorough and quick. Weâ€™ve been using them for almost two years and are so happy with the service they provide.",professionalism/service;efficiency/speed;quality of cleaning,friendliness;punctuality;thoroughness;quick service,,
The Cleaning Authority,Google,4 years ago,Weâ€™d like to thank Celina and Octaviana for their professional service every time. During the pandemic it really means a lot to us.,professionalism/service,friendliness;customer service,,
The Cleaning Authority,Yelp,"Mar 19, 2025","The cleaning quality is always ""good,"" at a minimum.  And they (Leah) ALWAYS get back to me promptly if I need to change the date or type of cleaning.  Their customer service is outstanding!",quality of cleaning;professionalism/service,cleanliness;responsiveness;customer service,,
The Cleaning Authority,Yelp,"Aug 14, 2024",This is based solely on the fact that I cannot get a reply from anyone. I tried a few times to get an online estimate with no response. I called the office when I had time and spoke to someone who took my info and said she would have someone get back to me...I never heard back!,,,professionalism/service,poor communication;lack of responsiveness
The Cleaning Authority,Yelp,"Mar 27, 2023","They cost me thousands of dollars in damage of my perfectly good hardwood floors. They never called to discuss the problem all before 5 o'clock when the office was supposedly still open. DO NOT USE THIS FRANCHISE!!To follow up.. they still did not return any of my calls until I called again the following morning at 11:05. They felt I was too upset.. my hardwood floors are destroyed, they don't return calls and still NOT RESPONDING",,,quality of cleaning;professionalism/service;trustworthiness,damage to property;poor communication;lack of responsiveness;dishonesty
The Cleaning Authority,Yelp,"Sep 3, 2020","I have had this company cleaning for me for a couple years and I'm always satisfied. Maria A, Maria P and Sonia were here today.  It feels so good to walk in repeatedly today to a squeaky clean home. They show up on time, company will reschedule if needed and are respectful of my kids doing school from home .",quality of cleaning;professionalism/service;efficiency/speed,cleanliness;punctuality;responsiveness,,
The Cleaning Authority,Yelp,"Aug 26, 2020","After my regular housecleaners vanished.  I asked friends for housecleaning service recommendations and The Cleaning Authority of San Jose was recommended by few.  I called, Pam answered and asked what my needs were and discussed pricing options.  Saray and Victorina are a great team, they arrived on time and cleaned per my instructions to Pam.  If I need any additional cleaning, I call in advance and S & V team do a great job.",professionalism/service;efficiency/speed;quality of cleaning,friendliness;communication;responsiveness;punctuality;thoroughness;attention to detail,,
The Cleaning Authority,Yelp,"Aug 21, 2020","They have been cleaning our home for the past 18 months and do a wonderful service. Their rates are reasonable and the cleaning crew that they send every time is prompt, courteous and professional. We love Maria A, Maria R and Sonia. They are so friendly and with smiles all the time.Kevin and Pam have been wonderful when it comes to communicating with us regarding the cleaning service and go above and beyond to make sure that we are satisfied. I unconditionally recommend this place for your house cleaning needs.Thanks Kevin, Pan, Maria's A&R and Sonia for taking care of our house. We sincerely appreciate it.",value/price;professionalism/service;efficiency/speed;trustworthiness,reasonable pricing;friendliness;communication;quick service;reliability;favorite worker,,
The Cleaning Authority,Yelp,"Aug 19, 2020","We have been using their services for almost three years and are very satisfied customers.  The owner, Kevin, is professional and responsive.  Special call-out to our team: Sonia, Maria and Maria, who are awesome!  They do a thorough, efficient job cleaning our home, leaving the place sparkling clean.  They pay attention to details and work carefully, but also quickly.  Besides that, as another reviewer mentioned, they are also three beautiful souls; very kind and sweet individuals  whom we always look forward to seeing.  In addition, they take all measures to disinfect, wear masks, etc. in light of covid.  Highly recommended!",quality of cleaning;professionalism/service;efficiency/speed,thoroughness;responsiveness;attention to detail;cleanliness;quick service,,
The Cleaning Authority,Yelp,"Aug 18, 2020","I have been using Cleaning Authority to clean my home for several years now.  They have been consistent and do a great job.  I ask for the same ladies for my cleanings even if I happen to have to cancel and reschedule.  Maria A, Maria R and Sonia are my ladies and are the sweetest women.  I look forward  to seeing them every other week when they are here.  I have enjoyed getting to know them too.  Kevin has always kept me up to date on my schedule and reached out asap if it were to change on his end.  Really like the app that the company has now added, shows you all your cleanings, payments, etc.  Highly recommend.",quality of cleaning;professionalism/service;trustworthiness,thoroughness;friendliness;communication;responsiveness;customer service;booking options;payment options;reliability,,
The Cleaning Authority,Yelp,"Aug 16, 2020",Recently decided to hire a house cleaner after stopping because of COVID .  I decided to try The Cleaning Authority because they are following strict COVID guidelines and it made me feel comfortable with cleaners coming into my home.  We had Kim and Lupe clean our home and they did an outstanding job paying attention to details.  My kitchen and bathroom were very clean after they left.  They arrived on time and worked hard.   Working with Pam was a pleasure she made sure to listen to my needs and communicate them to her team.  Will continue to use this company.,quality of cleaning;professionalism/service;efficiency/speed,attention to detail;cleanliness;punctuality;friendliness;communication,,
The Cleaning Authority,Yelp,"Aug 15, 2020",Victorina Saray and Alma are a great team for Cleaning Authority.  previously the team that came in was  rushed and not did not pay attention to detail. But these three ladies did pay attention to what I wanted done and I was happy with the cleanliness of my house.,quality of cleaning;professionalism/service,attention to detail;cleanliness;friendliness,professionalism/service,poor attention to detail
